Address,Description,Value
40000,"GEN 1:1","In the beginning God"
40001,"GEN 1:2","And the earth was wi"
40002,"GEN 1:3","And God said, Let th"
40003,"GEN 1:4","And God saw the ligh"
40004,"GEN 1:5","And God called the l"
40005,"GEN 1:6","And God said, Let th"
40006,"GEN 1:7","And God made the fir"
40007,"GEN 1:8","And God called the f"
40008,"GEN 1:9","And God said, Let th"
40009,"GEN 1:10","And God called the d"
40010,"GEN 1:11","And God said, Let th"
40011,"GEN 1:12","And the earth brough"
40012,"GEN 1:13","And the evening and "
40013,"GEN 1:14","And God said, Let th"
40014,"GEN 1:15","And let them be for "
40015,"GEN 1:16","And God made two gre"
40016,"GEN 1:17","And God set them in "
40017,"GEN 1:18","And to rule over the"
40018,"GEN 1:19","And the evening and "
40019,"GEN 1:20","And God said, Let th"
40020,"GEN 1:21","And God created grea"
40021,"GEN 1:22","And God blessed them"
40022,"GEN 1:23","And the evening and "
40023,"GEN 1:24","And God said, Let th"
40024,"GEN 1:25","And God made the bea"
40025,"GEN 1:26","And God said, Let us"
40026,"GEN 1:27","So God created man i"
40027,"GEN 1:28","And God blessed them"
40028,"GEN 1:29","And God said, Behold"
40029,"GEN 1:30","And to every beast o"
40030,"GEN 1:31","And God saw every th"
40031,"GEN 2:1","Thus the heavens and"
40032,"GEN 2:2","And on the seventh d"
40033,"GEN 2:3","And God blessed the "
40034,"GEN 2:4","These are the genera"
40035,"GEN 2:5","And every plant of t"
40036,"GEN 2:6","But there went up a "
40037,"GEN 2:7","And the LORD God for"
40038,"GEN 2:8","And the LORD God pla"
40039,"GEN 2:9","And out of the groun"
40040,"GEN 2:10","And a river went out"
40041,"GEN 2:11","The name of the firs"
40042,"GEN 2:12","And the gold of that"
40043,"GEN 2:13","And the name of the "
40044,"GEN 2:14","And the name of the "
40045,"GEN 2:15","And the LORD God too"
40046,"GEN 2:16","And the LORD God com"
40047,"GEN 2:17","But of the tree of t"
40048,"GEN 2:18","And the LORD God sai"
40049,"GEN 2:19","And out of the groun"
40050,"GEN 2:20","And Adam gave names "
40051,"GEN 2:21","And the LORD God cau"
40052,"GEN 2:22","And the rib, which t"
40053,"GEN 2:23","And Adam said, This "
40054,"GEN 2:24","Therefore shall a ma"
40055,"GEN 2:25","And they were both n"
40056,"GEN 3:1","Now the serpent was "
40057,"GEN 3:2","And the woman said u"
40058,"GEN 3:3","But of the fruit of "
40059,"GEN 3:4","And the serpent said"
40060,"GEN 3:5","For God doth know th"
40061,"GEN 3:6","And when the woman s"
40062,"GEN 3:7","And the eyes of them"
40063,"GEN 3:8","And they heard the v"
40064,"GEN 3:9","And the LORD God cal"
40065,"GEN 3:10","And he said, I heard"
40066,"GEN 3:11","And he said, Who tol"
40067,"GEN 3:12","And the man said, Th"
40068,"GEN 3:13","And the LORD God sai"
40069,"GEN 3:14","And the LORD God sai"
40070,"GEN 3:15","And I will put enmit"
40071,"GEN 3:16","Unto the woman he sa"
40072,"GEN 3:17","And unto Adam he sai"
40073,"GEN 3:18","Thorns also and this"
40074,"GEN 3:19","In the sweat of thy "
40075,"GEN 3:20","And Adam called his "
40076,"GEN 3:21","Unto Adam also and t"
40077,"GEN 3:22","And the LORD God sai"
40078,"GEN 3:23","Therefore the LORD G"
40079,"GEN 3:24","So he drove out the "
40080,"GEN 4:1","And Adam knew Eve hi"
40081,"GEN 4:2","And she again bare h"
40082,"GEN 4:3","And in process of ti"
40083,"GEN 4:4","And Abel, he also br"
40084,"GEN 4:5","But unto Cain and to"
40085,"GEN 4:6","And the LORD said un"
40086,"GEN 4:7","If thou doest well, "
40087,"GEN 4:8","And Cain talked with"
40088,"GEN 4:9","And the LORD said un"
40089,"GEN 4:10","And he said, What ha"
40090,"GEN 4:11","And now art thou cur"
40091,"GEN 4:12","When thou tillest th"
40092,"GEN 4:13","And Cain said unto t"
40093,"GEN 4:14","Behold, thou hast dr"
40094,"GEN 4:15","And the LORD said un"
40095,"GEN 4:16","And Cain went out fr"
40096,"GEN 4:17","And Cain knew his wi"
40097,"GEN 4:18","And unto Enoch was b"
40098,"GEN 4:19","And Lamech took unto"
40099,"GEN 4:20","And Adah bare Jabal:"
40100,"GEN 4:21","And his brother’s na"
40101,"GEN 4:22","And Zillah, she also"
40102,"GEN 4:23","And Lamech said unto"
40103,"GEN 4:24","If Cain shall be ave"
40104,"GEN 4:25","And Adam knew his wi"
40105,"GEN 4:26","And to Seth, to him "
40106,"GEN 5:1","This is the book of "
40107,"GEN 5:2","Male and female crea"
40108,"GEN 5:3","And Adam lived an hu"
40109,"GEN 5:4","And the days of Adam"
40110,"GEN 5:5","And all the days tha"
40111,"GEN 5:6","And Seth lived an hu"
40112,"GEN 5:7","And Seth lived after"
40113,"GEN 5:8","And all the days of "
40114,"GEN 5:9","And Enos lived ninet"
40115,"GEN 5:10","And Enos lived after"
40116,"GEN 5:11","And all the days of "
40117,"GEN 5:12","And Cainan lived sev"
40118,"GEN 5:13","And Cainan lived aft"
40119,"GEN 5:14","And all the days of "
40120,"GEN 5:15","And Mahalaleel lived"
40121,"GEN 5:16","And Mahalaleel lived"
40122,"GEN 5:17","And all the days of "
40123,"GEN 5:18","And Jared lived an h"
40124,"GEN 5:19","And Jared lived afte"
40125,"GEN 5:20","And all the days of "
40126,"GEN 5:21","And Enoch lived sixt"
40127,"GEN 5:22","And Enoch walked wit"
40128,"GEN 5:23","And all the days of "
40129,"GEN 5:24","And Enoch walked wit"
40130,"GEN 5:25","And Methuselah lived"
40131,"GEN 5:26","And Methuselah lived"
40132,"GEN 5:27","And all the days of "
40133,"GEN 5:28","And Lamech lived an "
40134,"GEN 5:29","And he called his na"
40135,"GEN 5:30","And Lamech lived aft"
40136,"GEN 5:31","And all the days of "
40137,"GEN 5:32","And Noah was five hu"
40138,"GEN 6:1","And it came to pass,"
40139,"GEN 6:2","That the sons of God"
40140,"GEN 6:3","And the LORD said, M"
40141,"GEN 6:4","There were giants in"
40142,"GEN 6:5","And God saw that the"
40143,"GEN 6:6","And it repented the "
40144,"GEN 6:7","And the LORD said, I"
40145,"GEN 6:8","But Noah found grace"
40146,"GEN 6:9","These are the genera"
40147,"GEN 6:10","And Noah begat three"
40148,"GEN 6:11","The earth also was c"
40149,"GEN 6:12","And God looked upon "
40150,"GEN 6:13","And God said unto No"
40151,"GEN 6:14","Make thee an ark of "
40152,"GEN 6:15","And this is the fash"
40153,"GEN 6:16","A window shalt thou "
40154,"GEN 6:17","And, behold, I, even"
40155,"GEN 6:18","But with thee will I"
40156,"GEN 6:19","And of every living "
40157,"GEN 6:20","Of fowls after their"
40158,"GEN 6:21","And take thou unto t"
40159,"GEN 6:22","Thus did Noah; accor"
40160,"GEN 7:1","And the LORD said un"
40161,"GEN 7:2","Of every clean beast"
40162,"GEN 7:3","Of fowls also of the"
40163,"GEN 7:4","For yet seven days, "
40164,"GEN 7:5","And Noah did accordi"
40165,"GEN 7:6","And Noah was six hun"
40166,"GEN 7:7","And Noah went in, an"
40167,"GEN 7:8","Of clean beasts, and"
40168,"GEN 7:9","There went in two an"
40169,"GEN 7:10","And it came to pass "
40170,"GEN 7:11","In the six hundredth"
40171,"GEN 7:12","And the rain was upo"
40172,"GEN 7:13","In the selfsame day "
40173,"GEN 7:14","They, and every beas"
40174,"GEN 7:15","And they went in unt"
40175,"GEN 7:16","And they that went i"
40176,"GEN 7:17","And the flood was fo"
40177,"GEN 7:18","And the waters preva"
40178,"GEN 7:19","And the waters preva"
40179,"GEN 7:20","Fifteen cubits upwar"
40180,"GEN 7:21","And all flesh died t"
40181,"GEN 7:22","All in whose nostril"
40182,"GEN 7:23","And every living sub"
40183,"GEN 7:24","And the waters preva"
40184,"GEN 8:1","And God remembered N"
40185,"GEN 8:2","The fountains also o"
40186,"GEN 8:3","And the waters retur"
40187,"GEN 8:4","And the ark rested i"
40188,"GEN 8:5","And the waters decre"
40189,"GEN 8:6","And it came to pass "
40190,"GEN 8:7","And he sent forth a "
40191,"GEN 8:8","Also he sent forth a"
40192,"GEN 8:9","But the dove found n"
40193,"GEN 8:10","And he stayed yet ot"
40194,"GEN 8:11","And the dove came in"
40195,"GEN 8:12","And he stayed yet ot"
40196,"GEN 8:13","And it came to pass "
40197,"GEN 8:14","And in the second mo"
40198,"GEN 8:15","And God spake unto N"
40199,"GEN 8:16","Go forth of the ark,"
40200,"GEN 8:17","Bring forth with the"
40201,"GEN 8:18","And Noah went forth,"
40202,"GEN 8:19","Every beast, every c"
40203,"GEN 8:20","And Noah builded an "
40204,"GEN 8:21","And the LORD smelled"
40205,"GEN 8:22","While the earth rema"
40206,"GEN 9:1","And God blessed Noah"
40207,"GEN 9:2","And the fear of you "
40208,"GEN 9:3","Every moving thing t"
40209,"GEN 9:4","But flesh with the l"
40210,"GEN 9:5","And surely your bloo"
40211,"GEN 9:6","Whoso sheddeth man’s"
40212,"GEN 9:7","And you, be ye fruit"
40213,"GEN 9:8","And God spake unto N"
40214,"GEN 9:9","And I, behold, I est"
40215,"GEN 9:10","And with every livin"
40216,"GEN 9:11","And I will establish"
40217,"GEN 9:12","And God said, This i"
40218,"GEN 9:13","I do set my bow in t"
40219,"GEN 9:14","And it shall come to"
40220,"GEN 9:15","And I will remember "
40221,"GEN 9:16","And the bow shall be"
40222,"GEN 9:17","And God said unto No"
40223,"GEN 9:18","And the sons of Noah"
40224,"GEN 9:19","These are the three "
40225,"GEN 9:20","And Noah began to be"
40226,"GEN 9:21","And he drank of the "
40227,"GEN 9:22","And Ham, the father "
40228,"GEN 9:23","And Shem and Japheth"
40229,"GEN 9:24","And Noah awoke from "
40230,"GEN 9:25","And he said, Cursed "
40231,"GEN 9:26","And he said, Blessed"
40232,"GEN 9:27","God shall enlarge Ja"
40233,"GEN 9:28","And Noah lived after"
40234,"GEN 9:29","And all the days of "
40235,"GEN 10:1","Now these are the ge"
40236,"GEN 10:2","The sons of Japheth;"
40237,"GEN 10:3","And the sons of Gome"
40238,"GEN 10:4","And the sons of Java"
40239,"GEN 10:5","By these were the is"
40240,"GEN 10:6","And the sons of Ham;"
40241,"GEN 10:7","And the sons of Cush"
40242,"GEN 10:8","And Cush begat Nimro"
40243,"GEN 10:9","He was a mighty hunt"
40244,"GEN 10:10","And the beginning of"
40245,"GEN 10:11","Out of that land wen"
40246,"GEN 10:12","And Resen between Ni"
40247,"GEN 10:13","And Mizraim begat Lu"
40248,"GEN 10:14","And Pathrusim, and C"
40249,"GEN 10:15","And Canaan begat Sid"
40250,"GEN 10:16","And the Jebusite, an"
40251,"GEN 10:17","And the Hivite, and "
40252,"GEN 10:18","And the Arvadite, an"
40253,"GEN 10:19","And the border of th"
40254,"GEN 10:20","These are the sons o"
40255,"GEN 10:21","Unto Shem also, the "
40256,"GEN 10:22","The children of Shem"
40257,"GEN 10:23","And the children of "
40258,"GEN 10:24","And Arphaxad begat S"
40259,"GEN 10:25","And unto Eber were b"
40260,"GEN 10:26","And Joktan begat Alm"
40261,"GEN 10:27","And Hadoram, and Uza"
40262,"GEN 10:28","And Obal, and Abimae"
40263,"GEN 10:29","And Ophir, and Havil"
40264,"GEN 10:30","And their dwelling w"
40265,"GEN 10:31","These are the sons o"
40266,"GEN 10:32","These are the famili"
40267,"GEN 11:1","And the whole earth "
40268,"GEN 11:2","And it came to pass,"
40269,"GEN 11:3","And they said one to"
40270,"GEN 11:4","And they said, Go to"
40271,"GEN 11:5","And the LORD came do"
40272,"GEN 11:6","And the LORD said, B"
40273,"GEN 11:7","Go to, let us go dow"
40274,"GEN 11:8","So the LORD scattere"
40275,"GEN 11:9","Therefore is the nam"
40276,"GEN 11:10","These are the genera"
40277,"GEN 11:11","And Shem lived after"
40278,"GEN 11:12","And Arphaxad lived f"
40279,"GEN 11:13","And Arphaxad lived a"
40280,"GEN 11:14","And Salah lived thir"
40281,"GEN 11:15","And Salah lived afte"
40282,"GEN 11:16","And Eber lived four "
40283,"GEN 11:17","And Eber lived after"
40284,"GEN 11:18","And Peleg lived thir"
40285,"GEN 11:19","And Peleg lived afte"
40286,"GEN 11:20","And Reu lived two an"
40287,"GEN 11:21","And Reu lived after "
40288,"GEN 11:22","And Serug lived thir"
40289,"GEN 11:23","And Serug lived afte"
40290,"GEN 11:24","And Nahor lived nine"
40291,"GEN 11:25","And Nahor lived afte"
40292,"GEN 11:26","And Terah lived seve"
40293,"GEN 11:27","Now these are the ge"
40294,"GEN 11:28","And Haran died befor"
40295,"GEN 11:29","And Abram and Nahor "
40296,"GEN 11:30","But Sarai was barren"
40297,"GEN 11:31","And Terah took Abram"
40298,"GEN 11:32","And the days of Tera"
40299,"GEN 12:1","Now the LORD had sai"
40300,"GEN 12:2","And I will make of t"
40301,"GEN 12:3","And I will bless the"
40302,"GEN 12:4","So Abram departed, a"
40303,"GEN 12:5","And Abram took Sarai"
40304,"GEN 12:6","And Abram passed thr"
40305,"GEN 12:7","And the LORD appeare"
40306,"GEN 12:8","And he removed from "
40307,"GEN 12:9","And Abram journeyed,"
40308,"GEN 12:10","And there was a fami"
40309,"GEN 12:11","And it came to pass,"
40310,"GEN 12:12","Therefore it shall c"
40311,"GEN 12:13","Say, I pray thee, th"
40312,"GEN 12:14","And it came to pass,"
40313,"GEN 12:15","The princes also of "
40314,"GEN 12:16","And he entreated Abr"
40315,"GEN 12:17","And the LORD plagued"
40316,"GEN 12:18","And Pharaoh called A"
40317,"GEN 12:19","Why saidst thou, She"
40318,"GEN 12:20","And Pharaoh commande"
40319,"GEN 13:1","And Abram went up ou"
40320,"GEN 13:2","And Abram was very r"
40321,"GEN 13:3","And he went on his j"
40322,"GEN 13:4","Unto the place of th"
40323,"GEN 13:5","And Lot also, which "
40324,"GEN 13:6","And the land was not"
40325,"GEN 13:7","And there was a stri"
40326,"GEN 13:8","And Abram said unto "
40327,"GEN 13:9","Is not the whole lan"
40328,"GEN 13:10","And Lot lifted up hi"
40329,"GEN 13:11","Then Lot chose him a"
40330,"GEN 13:12","Abram dwelled in the"
40331,"GEN 13:13","But the men of Sodom"
40332,"GEN 13:14","And the LORD said un"
40333,"GEN 13:15","For all the land whi"
40334,"GEN 13:16","And I will make thy "
40335,"GEN 13:17","Arise, walk through "
40336,"GEN 13:18","Then Abram removed h"
40337,"GEN 14:1","And it came to pass "
40338,"GEN 14:2","That these made war "
40339,"GEN 14:3","All these were joine"
40340,"GEN 14:4","Twelve years they se"
40341,"GEN 14:5","And in the fourteent"
40342,"GEN 14:6","And the Horites in t"
40343,"GEN 14:7","And they returned, a"
40344,"GEN 14:8","And there went out t"
40345,"GEN 14:9","With Chedorlaomer th"
40346,"GEN 14:10","And the vale of Sidd"
40347,"GEN 14:11","And they took all th"
40348,"GEN 14:12","And they took Lot, A"
40349,"GEN 14:13","And there came one t"
40350,"GEN 14:14","And when Abram heard"
40351,"GEN 14:15","And he divided himse"
40352,"GEN 14:16","And he brought back "
40353,"GEN 14:17","And the king of Sodo"
40354,"GEN 14:18","And Melchizedek king"
40355,"GEN 14:19","And he blessed him, "
40356,"GEN 14:20","And blessed be the m"
40357,"GEN 14:21","And the king of Sodo"
40358,"GEN 14:22","And Abram said to th"
40359,"GEN 14:23","That I will not take"
40360,"GEN 14:24","Save only that which"
40361,"GEN 15:1","After these things t"
40362,"GEN 15:2","And Abram said, LORD"
40363,"GEN 15:3","And Abram said, Beho"
40364,"GEN 15:4","And, behold, the wor"
40365,"GEN 15:5","And he brought him f"
40366,"GEN 15:6","And he believed in t"
40367,"GEN 15:7","And he said unto him"
40368,"GEN 15:8","And he said, LORD Go"
40369,"GEN 15:9","And he said unto him"
40370,"GEN 15:10","And he took unto him"
40371,"GEN 15:11","And when the fowls c"
40372,"GEN 15:12","And when the sun was"
40373,"GEN 15:13","And he said unto Abr"
40374,"GEN 15:14","And also that nation"
40375,"GEN 15:15","And thou shalt go to"
40376,"GEN 15:16","But in the fourth ge"
40377,"GEN 15:17","And it came to pass,"
40378,"GEN 15:18","In the same day the "
40379,"GEN 15:19","The Kenites, and the"
40380,"GEN 15:20","And the Hittites, an"
40381,"GEN 15:21","And the Amorites, an"
40382,"GEN 16:1","Now Sarai Abram’s wi"
40383,"GEN 16:2","And Sarai said unto "
40384,"GEN 16:3","And Sarai Abram’s wi"
40385,"GEN 16:4","And he went in unto "
40386,"GEN 16:5","And Sarai said unto "
40387,"GEN 16:6","But Abram said unto "
40388,"GEN 16:7","And the angel of the"
40389,"GEN 16:8","And he said, Hagar, "
40390,"GEN 16:9","And the angel of the"
40391,"GEN 16:10","And the angel of the"
40392,"GEN 16:11","And the angel of the"
40393,"GEN 16:12","And he will be a wil"
40394,"GEN 16:13","And she called the n"
40395,"GEN 16:14","Wherefore the well w"
40396,"GEN 16:15","And Hagar bare Abram"
40397,"GEN 16:16","And Abram was foursc"
40398,"GEN 17:1","And when Abram was n"
40399,"GEN 17:2","And I will make my c"
40400,"GEN 17:3","And Abram fell on hi"
40401,"GEN 17:4","As for me, behold, m"
40402,"GEN 17:5","Neither shall thy na"
40403,"GEN 17:6","And I will make thee"
40404,"GEN 17:7","And I will establish"
40405,"GEN 17:8","And I will give unto"
40406,"GEN 17:9","And God said unto Ab"
40407,"GEN 17:10","This is my covenant,"
40408,"GEN 17:11","And ye shall circumc"
40409,"GEN 17:12","And he that is eight"
40410,"GEN 17:13","He that is born in t"
40411,"GEN 17:14","And the uncircumcise"
40412,"GEN 17:15","And God said unto Ab"
40413,"GEN 17:16","And I will bless her"
40414,"GEN 17:17","Then Abraham fell up"
40415,"GEN 17:18","And Abraham said unt"
40416,"GEN 17:19","And God said, Sarah "
40417,"GEN 17:20","And as for Ishmael, "
40418,"GEN 17:21","But my covenant will"
40419,"GEN 17:22","And he left off talk"
40420,"GEN 17:23","And Abraham took Ish"
40421,"GEN 17:24","And Abraham was nine"
40422,"GEN 17:25","And Ishmael his son "
40423,"GEN 17:26","In the selfsame day "
40424,"GEN 17:27","And all the men of h"
40425,"GEN 18:1","And the LORD appeare"
40426,"GEN 18:2","And he lift up his e"
40427,"GEN 18:3","And said, My LORD, i"
40428,"GEN 18:4","Let a little water, "
40429,"GEN 18:5","And I will fetch a m"
40430,"GEN 18:6","And Abraham hastened"
40431,"GEN 18:7","And Abraham ran unto"
40432,"GEN 18:8","And he took butter, "
40433,"GEN 18:9","And they said unto h"
40434,"GEN 18:10","And he said, I will "
40435,"GEN 18:11","Now Abraham and Sara"
40436,"GEN 18:12","Therefore Sarah laug"
40437,"GEN 18:13","And the LORD said un"
40438,"GEN 18:14","Is any thing too har"
40439,"GEN 18:15","Then Sarah denied, s"
40440,"GEN 18:16","And the men rose up "
40441,"GEN 18:17","And the LORD said, S"
40442,"GEN 18:18","Seeing that Abraham "
40443,"GEN 18:19","For I know him, that"
40444,"GEN 18:20","And the LORD said, B"
40445,"GEN 18:21","I will go down now, "
40446,"GEN 18:22","And the men turned t"
40447,"GEN 18:23","And Abraham drew nea"
40448,"GEN 18:24","Peradventure there b"
40449,"GEN 18:25","That be far from the"
40450,"GEN 18:26","And the LORD said, I"
40451,"GEN 18:27","And Abraham answered"
40452,"GEN 18:28","Peradventure there s"
40453,"GEN 18:29","And he spake unto hi"
40454,"GEN 18:30","And he said unto him"
40455,"GEN 18:31","And he said, Behold "
40456,"GEN 18:32","And he said, Oh let "
40457,"GEN 18:33","And the LORD went hi"
40458,"GEN 19:1","And there came two a"
40459,"GEN 19:2","And he said, Behold "
40460,"GEN 19:3","And he pressed upon "
40461,"GEN 19:4","But before they lay "
40462,"GEN 19:5","And they called unto"
40463,"GEN 19:6","And Lot went out at "
40464,"GEN 19:7","And said, I pray you"
40465,"GEN 19:8","Behold now, I have t"
40466,"GEN 19:9","And they said, Stand"
40467,"GEN 19:10","But the men put fort"
40468,"GEN 19:11","And they smote the m"
40469,"GEN 19:12","And the men said unt"
40470,"GEN 19:13","For we will destroy "
40471,"GEN 19:14","And Lot went out, an"
40472,"GEN 19:15","And when the morning"
40473,"GEN 19:16","And while he lingere"
40474,"GEN 19:17","And it came to pass,"
40475,"GEN 19:18","And Lot said unto th"
40476,"GEN 19:19","Behold now, thy serv"
40477,"GEN 19:20","Behold now, this cit"
40478,"GEN 19:21","And he said unto him"
40479,"GEN 19:22","Haste thee, escape t"
40480,"GEN 19:23","The sun was risen up"
40481,"GEN 19:24","Then the LORD rained"
40482,"GEN 19:25","And he overthrew tho"
40483,"GEN 19:26","But his wife looked "
40484,"GEN 19:27","And Abraham gat up e"
40485,"GEN 19:28","And he looked toward"
40486,"GEN 19:29","And it came to pass,"
40487,"GEN 19:30","And Lot went up out "
40488,"GEN 19:31","And the firstborn sa"
40489,"GEN 19:32","Come, let us make ou"
40490,"GEN 19:33","And they made their "
40491,"GEN 19:34","And it came to pass "
40492,"GEN 19:35","And they made their "
40493,"GEN 19:36","Thus were both the d"
40494,"GEN 19:37","And the first born b"
40495,"GEN 19:38","And the younger, she"
40496,"GEN 20:1","And Abraham journeye"
40497,"GEN 20:2","And Abraham said of "
40498,"GEN 20:3","But God came to Abim"
40499,"GEN 20:4","But Abimelech had no"
